<?xml version="1.0" encoding="UTF-8"?>
<project-private xmlns="http://www.netbeans.org/ns/project-private/1">
    <editor-bookmarks xmlns="http://www.netbeans.org/ns/editor-bookmarks/2" lastBookmarkId="0"/>
    <open-files xmlns="http://www.netbeans.org/ns/projectui-open-files/2">
        <group>
            <file>file:/I:/Project/ProjectApp/src/projectapp/attendance_info.java</file>
            <file>file:/I:/Project/ProjectApp/src/projectapp/TestjFrame4x1.java</file>
            <file>file:/I:/Project/ProjectApp/src/projectapp/student_info.java</file>
            <file>file:/I:/Project/ProjectApp/src/projectapp/ProjectApp.java</file>
        </group>
    </open-files>
</project-private>
